{
    "version": "1.0",
    "defaultProvider": "cdnjs",
    "libraries": [
        {
            "destination": "wwwroot/lib/bootstrap/",
            "library": "popper.js@2.11.6",
            "files": [ "umd/popper.js" ]
        },
        {
            "destination": "wwwroot/lib/bootstrap/",
            "files": [
                "css/bootstrap.min.css",
                "js/bootstrap.min.js"
            ],
            "library": "bootstrap@5.2.3"
        },
        {
            "destination": "wwwroot/lib/bootstrap/",
            "files": [
                "bootstrap-icons.svg",
                "font/bootstrap-icons.css",
                "font/bootstrap-icons.min.css",
                "font/fonts/bootstrap-icons.woff"
            ],
            "library": "bootstrap-icons@1.10.3"
        }
    ]
}

